id,age,first_name,last_name,sex
1,43,Minnaminnie,Huard,Genderfluid
2,13,Edita,Rushbrook,Female
3,99,Forest,Aspinal,Male
4,49,Ricca,Lethardy,Female
5,70,Lexine,Sunock,Female
6,19,Kleon,Emloch,Male
7,18,Zollie,Bea,Male
8,49,Lock,Crighton,Male
9,36,Delphine,Coetzee,Female
10,49,Ermanno,Hunn,Male
11,22,Dud,Tevelov,Male
12,20,Dianne,Tuppeny,Female
13,41,Tori,Crown,Female
14,18,Guinna,Sellars,Female
15,16,Evonne,Dumbarton,Female
16,43,Bertie,Westcott,Female
17,53,Onfroi,Stanyon,Agender
18,45,Ramon,Butt Gow,Male
19,20,Iggy,Schuricke,Male
20,92,Vivien,Skellon,Female
21,54,Forbes,Andreone,Male
22,45,Fabien,Langdridge,Male
23,46,Ernie,Daintier,Male
24,5,Tamara,Coole,Female
25,22,Zollie,Greensted,Male
26,2,Nickolai,Lawson,Male
27,45,Rochell,Giacubo,Female
28,82,Salvidor,McDill,Male
29,99,Lorelle,Hamley,Female
30,73,Codi,Priddle,Male
31,32,Judye,Nyles,Female
32,79,Adeline,Moine,Female
33,66,Hailee,Saltsberg,Female
34,36,Gregorius,Richten,Male
35,14,Jordan,Dolphin,Male
36,10,Thoma,Tedridge,Male
37,32,Brendin,Coffee,Male
38,63,Pablo,Carlan,Male
39,22,Bob,Schorah,Male
40,88,Sisile,Goodenough,Female
41,70,Gare,Covendon,Male
42,12,Cariotta,Lammin,Female
43,70,Erek,Josefer,Male
44,32,Gar,Dowda,Male
45,63,Borden,Lagen,Male
46,24,Cirstoforo,Tallon,Male
47,90,Dennie,Swainger,Male
48,84,Trace,Sidgwick,Male
49,74,Hildegaard,Mc Harg,Female
50,46,Ripley,Kleingrub,Male
51,16,Sapphire,Beagan,Female
52,11,Chickie,Vasyunichev,Female
53,73,Bunnie,Cheese,Bigender
54,33,Ava,Venditti,Female
55,45,Veronika,Gregory,Female
56,6,Willetta,Friberg,Female
57,61,Sonny,Wedon,Male
58,62,Giffer,Ionesco,Male
59,60,Corabella,Scotchbourouge,Female
60,5,Morie,Jenoure,Male
61,88,Kathryne,Orgel,Female
62,17,Etienne,Warlowe,Male
63,8,Quill,Supple,Male
64,99,Garfield,Toffler,Male
65,91,Orran,Brogioni,Male
66,39,Gabe,Boldock,Male
67,47,Taffy,Josephi,Female
68,67,Hayley,Gorton,Female
69,25,Karylin,Celiz,Female
70,68,Rafaellle,Wheelwright,Male
71,13,Pauli,Czajkowski,Female
72,98,Terri,Glowacha,Male
73,62,Octavius,Cosson,Male
74,60,Georg,O'Hearn,Male
75,19,Heath,McGrah,Female
76,63,Gail,Heak,Female
77,85,Ase,Stickney,Male
78,82,Roscoe,Lloyds,Male
79,87,Felipe,Lampard,Male
80,6,Parnell,Reddecliffe,Male
81,52,Vere,Sweedy,Female
82,85,Marta,Howells,Female
83,1,Gray,Donoher,Male
84,43,Dulsea,Mixon,Female
85,17,Paulie,Pallasch,Male
86,57,Ambrose,Leyshon,Male
87,48,Pearl,Doucette,Female
88,47,Tamra,Frusher,Female
89,72,Addie,Ballantyne,Non-binary
90,85,Hulda,Scrogges,Female
91,8,Nata,Geram,Female
92,58,Demetra,Goding,Female
93,47,Ericha,Eslinger,Female
94,80,Benedicto,Quinby,Male
95,5,Marten,Kas,Male
96,95,Di,Fonte,Female
97,52,Claudius,Alforde,Male
98,40,Ashlie,Brightey,Female
99,25,Delainey,Riddeough,Male
100,32,Cherey,Hurlestone,Female
101,37,Gardy,Cud,Non-binary
102,43,Eryn,Jelks,Female
103,93,Waring,Linscott,Male
104,86,Rosemaria,McDoual,Female
105,45,Ursola,Riepl,Female
106,51,Almeda,Plumbley,Polygender
107,97,Lynnett,Bernli,Female
108,6,Glad,Siddle,Female
109,16,Dan,Lukash,Male
110,87,Onida,Geldeard,Female
111,75,Freeland,Sherington,Male
112,73,Stinky,Perrot,Male
113,32,Clement,Conley,Male
114,87,Silvano,Grinnikov,Male
115,45,Warner,Van de Castele,Male
116,2,Issy,Witcher,Female
117,75,Chad,Masdon,Female
118,35,Niki,Reith,Male
119,41,Jacques,Sidon,Male
120,31,Janaya,Burgen,Female
121,82,Flin,Riepel,Male
122,75,Wilfrid,Gerran,Bigender
123,89,Abramo,Botwood,Male
124,13,Carlynn,Torel,Female
125,86,Niel,Plinck,Male
126,50,Cori,Karpets,Male
127,27,Hodge,Skillman,Male
128,73,Jared,Schanke,Male
129,62,Denney,Dubery,Male
130,100,Louisette,Keirl,Female
131,81,Carroll,Huglin,Male
132,68,Fernandina,Bastide,Female
133,82,Kanya,Handy,Female
134,23,Smitty,Bromehed,Male
135,34,Wyn,Greydon,Male
136,96,Babs,Ellif,Female
137,68,Henderson,Squires,Polygender
138,20,Binky,Guys,Male
139,61,Gunter,Thomazet,Male
140,19,Jedd,Deane,Male
141,18,Claudie,Mottley,Female
142,44,Tildi,Titcombe,Female
143,59,Chaddie,Macek,Male
144,18,Trevar,Alyutin,Male
145,11,Christie,Tradewell,Male
146,60,Averill,Pirozzi,Male
147,32,Heriberto,Casetti,Male
148,75,Sharlene,Ivasechko,Female
149,47,Avril,Culligan,Female
150,75,Dacy,Letts,Female
151,80,Orbadiah,Chamberlaine,Male
152,21,Willie,Harby,Female
153,4,Demetrius,Harbisher,Male
154,50,Austin,Terrell,Female
155,59,Emmi,Wheble,Female
156,96,Bent,Rosenkranc,Male
157,61,Cole,Kiezler,Male
158,93,Dalt,Kliment,Male
159,100,Leila,Eddowis,Female
160,5,Willi,McKimmie,Male
161,5,Germana,Stubbin,Female
162,81,Alfie,Mulvenna,Female
163,45,Quinlan,Witherow,Male
164,73,Benito,Bennet,Male
165,29,Jaine,Pounds,Female
166,21,Elie,Pigrome,Female
167,71,Xerxes,Malkie,Male
168,15,Hastings,Wagon,Male
169,38,Abagael,Mottershaw,Female
170,1,Hayes,Twitching,Male
171,19,Carena,Dowthwaite,Female
172,46,Catha,Illingsworth,Female
173,63,Frasco,Milborn,Male
174,8,Barrett,Radnage,Male
175,45,Dieter,Penna,Male
176,62,Elyn,Toffoloni,Female
177,62,Ami,Cunningham,Female
178,45,Sonnnie,Bazire,Female
179,89,Randy,Standon,Female
180,52,Murielle,Blitz,Non-binary
181,57,Alfredo,Virgoe,Male
182,37,Alvy,Speddin,Non-binary
183,12,Clemens,Hawkeswood,Male
184,1,Victoir,Pudney,Male
185,7,Agnes,McQuilkin,Female
186,38,Maurits,Owthwaite,Male
187,66,Vilma,Pain,Female
188,66,Madelin,Iddons,Female
189,49,Elfreda,Bruneau,Female
190,59,Silvia,Titmarsh,Female
191,91,Orazio,Wemyss,Male
192,29,Mariel,Wattam,Female
193,30,Margaux,Trever,Female
194,68,Jonie,Rustan,Female
195,3,Falito,Calow,Male
196,1,Nial,Ritzman,Male
197,89,Gavrielle,Teek,Genderfluid
198,53,Armando,Roony,Male
199,76,Ardith,Load,Female
200,59,Constantine,Verzey,Female
201,83,Pincus,Linstead,Male
202,20,Johnathan,Vauls,Male
203,11,Isac,Asals,Male
204,83,Loella,Moyles,Female
205,57,Nariko,Cerith,Female
206,29,Clayton,Millership,Male
207,18,Quill,Longlands,Male
208,46,Jewell,Ochterlony,Agender
209,52,Norma,Fossord,Female
210,37,Glad,Hryskiewicz,Female
211,81,Hattie,Reddington,Female
212,47,Jaymie,O'Hollegan,Male
213,27,Roseanne,Hallgalley,Female
214,60,Dorise,Sissens,Female
215,93,Marcel,Birley,Male
216,15,Beverie,Bernardes,Genderfluid
217,12,Rustin,Vane,Male
218,46,Konstance,Emloch,Female
219,84,Darnell,Stille,Male
220,48,Rouvin,D'Hooghe,Male
221,92,Thomasina,Mawdsley,Female
222,90,Ibrahim,MacCartan,Agender
223,98,Jarrett,Brainsby,Male
224,13,Elvera,Eskriet,Genderfluid
225,33,Jehanna,Soggee,Female
226,64,Aindrea,Ugolini,Agender
227,6,Vale,Pelosi,Female
228,40,Mariellen,Lukasik,Female
229,38,Cordelia,Donaldson,Bigender
230,76,Belicia,Jesteco,Female
231,73,Hercules,Jeandon,Male
232,27,Ava,Ollarenshaw,Female
233,46,Dell,Vella,Male
234,5,Clem,McEntegart,Male
235,58,Glennie,Seekings,Female
236,88,Spenser,Goodlud,Male
237,57,Andras,Wrey,Male
238,69,Janel,Biesterfeld,Female
239,95,Hester,Turn,Female
240,17,Ferris,Addeycott,Male
241,53,Nydia,Attride,Female
242,73,Lana,Codeman,Female
243,52,Terri-jo,Melesk,Female
244,98,Tedda,Gallatly,Female
245,44,Maybelle,Marle,Female
246,50,Durand,Bolesworth,Male
247,76,Colin,Clappson,Genderqueer
248,12,Antonio,Ankrett,Male
249,47,Cristionna,Janca,Female
250,35,Phillipp,Loftus,Male
251,37,Eleanor,Martellini,Female
252,27,Orelle,Beaumont,Female
253,60,Brenna,Theseira,Bigender
254,89,Jeth,Stoneman,Male
255,22,Sasha,Rodliff,Female
256,82,Marysa,Brooks,Female
257,18,Franklyn,Jeppensen,Male
258,55,Goldy,Sinclaire,Female
259,59,Beulah,Clifforth,Female
260,98,Shanna,Dunn,Female
261,36,Stevy,Itzhaki,Male
262,100,Zed,Risebarer,Male
263,61,Patrizius,Plaice,Male
264,57,Benyamin,Lossman,Male
265,71,Noland,Maybey,Male
266,76,Tarah,Culpen,Female
267,57,Adolphus,Elster,Male
268,67,Hinze,Arnal,Male
269,72,Gilbert,Adamolli,Male
270,24,Niels,Lehr,Male
271,19,Susann,Shera,Female
272,58,Hilde,Rudsdell,Female
273,73,Rip,Greening,Male
274,45,Garth,Chrystal,Male
275,45,Zorine,Rossbrook,Female
276,82,Bert,Wilford,Male
277,100,Frederigo,Culp,Male
278,72,Vincenz,Rouse,Male
279,66,Trace,Kigelman,Male
280,28,Madonna,Hearnshaw,Female
281,69,Ophelie,Maynell,Female
282,8,Xerxes,Spedding,Agender
283,58,Carroll,Rubbert,Female
284,84,Marissa,Lathan,Bigender
285,17,Merrel,Hemphrey,Male
286,44,Rusty,Farnish,Male
287,76,Antonius,Ormiston,Male
288,76,Pepito,Clevely,Male
289,28,Clevie,Jovey,Male
290,52,Taddeo,Walworche,Male
291,20,Sharona,Sitford,Female
292,60,Erna,Breit,Genderqueer
293,26,Velma,Copes,Female
294,55,Dyan,Harrismith,Female
295,87,Marchall,Curnnokk,Male
296,52,Richie,Bourgourd,Male
297,35,Shawn,Kingswood,Male
298,2,Roz,Berry,Female
299,54,Howard,Guyton,Male
300,32,Pembroke,Palk,Male
301,89,Electra,Dewar,Genderqueer
302,3,Pate,Streeten,Bigender
303,65,Loren,Matteau,Female
304,10,Salomo,Burds,Male
305,79,Edgard,Potebury,Male
306,48,Christophorus,Boon,Male
307,48,Rudd,Hussell,Male
308,93,Wes,Rosenblath,Male
309,98,Aristotle,Luetchford,Polygender
310,14,Claus,Everley,Male
311,93,Amabelle,Woolvin,Female
312,72,Catlin,Compfort,Female
313,16,Sonya,Bezant,Female
314,44,Eleanore,Cowoppe,Female
315,8,Maryl,Whittingham,Genderfluid
316,82,Debora,Arbuckel,Female
317,83,Reinaldos,Mallabund,Male
318,13,Abba,Feckey,Male
319,59,Ted,Creddon,Female
320,20,Trenton,Cabble,Male
321,30,Kippy,Buckston,Female
322,16,Sauncho,Dowzell,Non-binary
323,65,Maren,Birnie,Female
324,15,Mady,Blowing,Female
325,64,Amos,Gregersen,Male
326,18,Rose,Sample,Female
327,20,Jacky,Deinert,Male
328,76,Cal,Buney,Male
329,7,Verena,Arnold,Female
330,97,Electra,Clifton,Female
331,17,Claudio,Coils,Male
332,82,Siegfried,Bahia,Male
333,79,Meredith,Gouldbourn,Female
334,78,Cliff,Durrans,Male
335,15,Yorgo,Cann,Male
336,74,Sidney,Fayer,Male
337,50,Joshua,Baline,Male
338,32,Trudey,Vasiljevic,Polygender
339,32,Tannie,Schelle,Male
340,21,Reba,Hayer,Female
341,98,Angelo,Hultberg,Male
342,63,Alvan,Rown,Male
343,56,Olin,Codeman,Male
344,66,Bay,Scardifield,Male
345,81,Irena,Pecey,Female
346,12,Simone,Schoolcroft,Female
347,32,Emmott,Dahill,Male
348,41,Gennie,Andrick,Female
349,65,Alleen,Samson,Female
350,58,Chrissie,Statton,Agender
351,50,Norton,Nairn,Male
352,8,Kirsten,McTavy,Female
353,5,Ula,Ponte,Female
354,38,Ingelbert,Fossett,Male
355,48,Lezley,Beller,Male
356,96,Gray,Jerrand,Male
357,56,Terese,Junes,Female
358,39,Gnni,Nias,Non-binary
359,39,Tadeo,Ramsier,Genderfluid
360,52,Rab,Maisey,Male
361,78,Corbett,Hamlin,Male
362,32,Cinda,Denis,Female
363,95,Ravid,Daton,Male
364,80,Denny,Mix,Female
365,72,Theo,Biddy,Male
366,57,Eward,Screaton,Male
367,66,Mari,MacIlraith,Female
368,79,Shaine,Allawy,Male
369,4,Katherina,Gerrie,Female
370,81,Christan,Kemmer,Female
371,98,Dion,Crack,Male
372,52,Olympie,Archbutt,Female
373,36,Doroteya,Damrel,Genderfluid
374,61,Donny,Bratcher,Female
375,2,Vaughn,Sighard,Male
376,85,Bambi,Hanniger,Female
377,14,Mordecai,Phelip,Male
378,55,Daphene,Ruffler,Female
379,30,Reeba,Amiable,Female
380,38,Cordey,Simmonett,Female
381,48,Demetre,Clausius,Genderqueer
382,8,Dall,Rilings,Male
383,72,Ikey,Mulhill,Male
384,23,Deena,Wisden,Female
385,70,Kellen,Harrop,Female
386,55,Lillian,Storm,Genderfluid
387,31,Addison,Dormon,Male
388,68,Willi,Uglow,Male
389,39,Ruy,Simonot,Male
390,61,Bryn,Kinghorn,Male
391,45,Krystle,Fairclough,Female
392,42,Margi,Leavry,Female
393,11,Gabriela,Farn,Female
394,33,Neilla,Montier,Female
395,74,Kippie,Brithman,Agender
396,28,Alissa,Ginsie,Female
397,100,Jacintha,Guerro,Polygender
398,79,Vera,Bamell,Female
399,25,Dennet,O'Cassidy,Male
400,14,Gordie,Huccaby,Male
401,54,Valera,Foggo,Female
402,9,Iormina,Elton,Female
403,89,Poppy,Linsay,Female
404,10,Tricia,Valenta,Female
405,11,Aguste,Van der Kruys,Male
406,75,Babara,Fiddler,Female
407,76,Florette,Tourville,Female
408,98,Albie,Grindle,Male
409,45,Heath,Awin,Female
410,49,Zilvia,Creboe,Female
411,57,Irwinn,Whitesel,Male
412,85,Keefer,Pattle,Male
413,37,Everett,Hewertson,Male
414,31,Darrin,Collinwood,Male
415,16,Mauricio,Simko,Male
416,34,Bord,Raveau,Male
417,39,Wallie,Innocent,Male
418,16,Talyah,Hardern,Female
419,67,Lilas,Nigh,Female
420,17,Cyndy,Parnby,Female
421,87,Daren,Blaszczynski,Male
422,76,Farr,Ceaser,Male
423,12,Mordy,Blaszkiewicz,Male
424,85,Merrie,Ellington,Female
425,97,Elonore,Late,Female
426,83,Wiley,Yellowley,Male
427,42,Laurice,Pull,Female
428,38,Federica,Bartelot,Female
429,51,Hyacinthe,McArley,Female
430,99,Hali,Bonanno,Female
431,97,Elsinore,Marrion,Female
432,8,Georas,Lymbourne,Male
433,23,Catherina,Wincom,Female
434,72,Bobbette,Berick,Female
435,16,Kerby,Stepto,Male
436,20,Neilla,Raulstone,Female
437,61,Stillman,Temperley,Male
438,73,Ciel,Woffenden,Female
439,98,Bailie,Bagley,Male
440,98,Tomi,Cannan,Polygender
441,61,Erinna,Lob,Female
442,58,Gregorio,Halpeine,Male
443,67,Marwin,Kemmet,Male
444,25,Phebe,Craighead,Female
445,54,Philip,Buntin,Male
446,30,Aristotle,Chiverstone,Male
447,98,Willetta,Clears,Agender
448,52,Leonid,Treacher,Male
449,48,Christye,Aaronsohn,Female
450,20,Axel,Wickwar,Male
451,63,Barron,McCaughey,Male
452,30,Wallache,Strick,Male
453,69,Hewett,Bill,Male
454,99,Rubin,Wallice,Male
455,7,Roldan,Ricardot,Male
456,57,Nedda,Frost,Female
457,30,Ric,Mandry,Male
458,89,Kacey,Barwise,Female
459,2,Homerus,Luther,Male
460,26,Serena,Schurcke,Female
461,31,Stevie,Skunes,Male
462,3,Claudianus,Wapple,Male
463,2,Flori,Beaman,Female
464,8,Vanya,Kuschek,Male
465,64,Wendel,Aloshechkin,Male
466,65,Rayna,Enion,Bigender
467,42,Tildie,Debow,Female
468,10,Marv,Diboll,Male
469,87,Shalna,Primmer,Female
470,37,Jordanna,Saffon,Female
471,83,Caron,Izakoff,Female
472,91,Walther,Martinek,Male
473,57,Austine,Tenaunt,Female
474,90,Jillayne,Simonard,Female
475,61,Reynold,Fenwick,Male
476,21,Chevy,Comsty,Male
477,3,Alexis,Dumbleton,Male
478,67,Fee,Uttley,Male
479,53,Goldi,Fort,Female
480,51,Erek,McGill,Male
481,71,Garek,Knight,Bigender
482,9,Jennee,Farrow,Female
483,68,Marty,Marsham,Male
484,29,Elvis,Petford,Male
485,76,Alvinia,Clewlowe,Female
486,95,Denna,Muselli,Female
487,98,Heywood,Illston,Male
488,29,Bale,Kurdani,Male
489,68,Corby,Domm,Male
490,67,Andrew,Kerrigan,Male
491,42,Lorrayne,Allabarton,Genderqueer
492,92,Daniele,Stuer,Female
493,45,Ashbey,Keoghane,Male
494,7,Genny,Arthan,Female
495,10,Tabatha,Maffetti,Female
496,39,Ollie,Farfalameev,Male
497,66,Raleigh,Trethowan,Male
498,16,Sayers,Ruddy,Male
499,58,Abbe,McGarrahan,Male
500,71,Ermengarde,Beavis,Female
501,82,Ulrica,Pietesch,Female
502,25,Westbrook,Iwanowicz,Male
503,40,Halli,Snufflebottom,Agender
504,28,Gabbey,Lindner,Female
505,19,Maurise,Deshorts,Female
506,78,West,Hakking,Male
507,13,Theresina,Payler,Female
508,85,Alaric,Hoodless,Male
509,77,Emmey,Heathfield,Female
510,70,Devin,Morter,Male
511,86,Garwin,Bowes,Male
512,23,Gleda,Moncrieffe,Female
513,8,Milo,Duckham,Genderfluid
514,81,Chandler,Goodyear,Male
515,41,Kelvin,Cobelli,Male
516,76,Chic,Bartholomieu,Male
517,33,Debby,Heenan,Female
518,62,Joanne,Calbrathe,Female
519,71,Lorene,Phetteplace,Non-binary
520,64,Jarid,Blight,Male
521,87,Friederike,Hartright,Female
522,80,Suzy,Thurgood,Female
523,34,Ferrell,Hazeltine,Genderqueer
524,40,Gottfried,Halworth,Male
525,57,Tomas,Terrill,Male
526,61,Hermine,Reynold,Female
527,1,Stevena,Guerner,Female
528,73,Wilmar,Selcraig,Bigender
529,30,Wyn,Franciskiewicz,Male
530,58,Beau,Chilley,Male
531,82,Saleem,Spurrett,Male
532,69,Ianthe,Springthorpe,Female
533,95,Andre,Winthrop,Male
534,36,Gigi,Dabs,Female
535,11,Raynard,Subhan,Male
536,7,Luce,Niese,Male
537,87,Dasi,Juszczak,Female
538,2,Constance,Stoodley,Female
539,63,Raynard,Blazi,Male
540,82,Allianora,Josef,Female
541,53,Tabor,Duggon,Male
542,17,Andrus,Lazar,Male
543,17,Dierdre,Maggi,Female
544,97,Bessy,Quimby,Female
545,100,Andrej,Swallwell,Male
546,50,Ilaire,Dowsett,Male
547,94,Charo,Tattersdill,Female
548,66,Vasilis,Torricina,Male
549,35,Phineas,Minty,Genderqueer
550,92,Lydia,Cochran,Female
551,72,Jacki,Runnalls,Female
552,100,Lothario,Goodfellowe,Male
553,28,Carlen,Gymlett,Female
554,31,Ashley,McCrachen,Male
555,78,Luelle,Kelberer,Female
556,58,Astrix,Dimelow,Female
557,89,Swen,Esh,Male
558,94,Mallory,Haggard,Male
559,31,Olia,Aguilar,Female
560,73,Alta,Boag,Female
561,43,Howard,Jopling,Male
562,81,Nettle,Ewell,Female
563,1,Cam,Vallerine,Male
564,12,Isahella,Venny,Female
565,43,Aeriell,Wayon,Female
566,21,Fayette,Dobbinson,Female
567,39,Vinnie,Bicksteth,Female
568,45,Delmore,Davion,Male
569,65,Lorrayne,Maunders,Female
570,85,Nancie,Beynkn,Female
571,65,Malena,Markushkin,Female
572,32,Lurlene,Galero,Female
573,59,Janina,Kosel,Female
574,86,Winifield,Sumption,Male
575,50,Skelly,Kembry,Male
576,1,Gerome,Dovidian,Male
577,21,Bridgette,Bawle,Female
578,45,Lorain,Heys,Female
579,55,Elianore,Hodgets,Female
580,13,Deedee,Brunskill,Female
581,20,Anstice,Heninghem,Female
582,17,Kennith,Getch,Male
583,47,Florri,Loiterton,Female
584,67,Robbi,Bedle,Female
585,76,Cecile,Van Leijs,Female
586,90,Beryl,Duckers,Female
587,100,Rockwell,Andersson,Male
588,44,Flori,Figgures,Genderqueer
589,44,Kerk,Cowdroy,Male
590,61,Maxwell,Behling,Male
591,55,Rhona,Cawsy,Female
592,76,Ingaborg,Nabarro,Bigender
593,89,Colette,Treswell,Female
594,60,Ali,Brodhead,Male
595,49,Ariella,Peye,Female
596,66,Maurizia,Humburton,Female
597,90,Celine,Gounin,Genderqueer
598,99,Ruthy,de Nore,Female
599,64,Antonie,Daugherty,Female
600,98,Bearnard,Spridgen,Male
601,5,Noland,Skermer,Male
602,62,Karilynn,Beedle,Female
603,90,Maximilianus,Rosewarne,Male
604,6,Karlotta,Trowbridge,Female
605,1,Sayres,Band,Male
606,55,Fidelia,Pumfrett,Female
607,68,Caty,Albisser,Female
608,8,Griffie,Carvil,Polygender
609,11,Pearla,Pounds,Female
610,65,Oliviero,Petters,Male
611,25,Terri-jo,Colliss,Female
612,83,Nannette,Jerzycowski,Female
613,3,Esra,Wisher,Male
614,86,Kennie,O'Neal,Genderqueer
615,52,Meredeth,Wildbore,Male
616,70,Peterus,Sisson,Male
617,92,Jaime,Reame,Female
618,49,Dorene,Holtham,Female
619,49,Karoly,Salvatore,Female
620,5,Israel,Glendza,Male
621,76,Connor,Abele,Male
622,76,Mannie,Aylott,Male
623,34,Eva,Premble,Female
624,85,Mauricio,Waldera,Male
625,3,El,Hrishchenko,Male
626,2,Theresita,Cheeseman,Female
627,8,Carmina,Grodden,Female
628,97,Chloe,Solly,Agender
629,54,Sileas,Duerdin,Female
630,11,Brandon,Hamlyn,Male
631,69,Angelo,De Giovanni,Male
632,76,Curtice,Ewence,Male
633,23,Cordy,Deverale,Male
634,60,Kippy,Thackham,Male
635,13,Haven,Clapshaw,Male
636,41,Jerrylee,Gouldthorp,Bigender
637,75,Kippie,Schapiro,Male
638,52,Lincoln,Donner,Male
639,3,Hestia,Conochie,Genderqueer
640,4,Derk,Hawkswell,Male
641,58,Angelia,Cadman,Female
642,83,Neila,Fellon,Female
643,54,Anjela,Pays,Agender
644,11,Alys,Dibling,Female
645,44,Nona,Leveridge,Female
646,2,Dominick,Rackam,Male
647,42,Bo,Blincoe,Male
648,50,Hamel,Vanes,Male
649,35,Regina,Reubens,Female
650,73,Montague,Grunder,Male
651,63,John,Berr,Male
652,69,Fredelia,Limon,Female
653,63,Woody,Cadge,Male
654,26,Brade,Towey,Male
655,95,Caressa,Penner,Female
656,68,Grove,Wakes,Male
657,30,Colan,Collidge,Male
658,46,Wilmer,Flucks,Male
659,16,Elsworth,Shottin,Male
660,91,Brigg,Agius,Male
661,26,Nester,McGonigle,Male
662,95,Joela,Sokill,Female
663,9,Griffin,Prattington,Male
664,90,Temple,Antoniazzi,Male
665,81,Augustus,Standeven,Male
666,18,Alfons,Maylor,Male
667,6,Thorpe,Hansberry,Male
668,84,Culley,Schwieso,Male
669,12,Winny,Leverette,Male
670,45,Lazare,Kyllford,Male
671,37,Silvano,Starten,Male
672,90,Cacilia,O'Donegan,Female
673,81,Elsa,Balloch,Female
674,43,Dalis,Earngy,Male
675,33,Jerri,Reiach,Male
676,33,Forest,Goullee,Male
677,32,Christi,Seward,Female
678,31,Marcela,Powlett,Female
679,40,Dreddy,Spraggon,Female
680,89,Brenna,Kinker,Female
681,34,Sal,Stein,Female
682,22,Gretchen,Cofax,Genderqueer
683,96,Gideon,Kikke,Male
684,90,Madison,Caltun,Male
685,2,Vittoria,Wanless,Female
686,56,Corinna,Caistor,Female
687,28,Chrissy,McNalley,Non-binary
688,87,Mordy,Segebrecht,Male
689,29,Pierre,Rois,Male
690,76,Garrott,Rowson,Male
691,21,Erhart,Widdows,Male
692,34,Standford,Headon,Male
693,80,Dane,Fulger,Male
694,43,Chelsy,Kitteridge,Female
695,38,Archy,Oakton,Male
696,59,Dayle,Caccavari,Female
697,64,Joanie,Jarrette,Genderfluid
698,74,Weber,Agett,Agender
699,76,Udall,D'Oyley,Male
700,76,Enoch,Valett,Male
701,19,Hetti,Billham,Female
702,61,Zachery,Konrad,Male
703,61,Francklin,Persian,Male
704,73,Berk,Tivolier,Male
705,33,Winona,Mendonca,Female
706,31,Drucie,Legges,Female
707,95,Grove,Lillford,Male
708,62,Jada,Hammerton,Female
709,68,Lincoln,Linn,Male
710,21,Dominick,Dasent,Male
711,16,Corby,Bulch,Male
712,52,Mellisa,Gheorghie,Female
713,20,Chilton,Mashal,Male
714,3,Cristi,Stitfall,Female
715,2,Geoff,Pitman,Male
716,92,Janet,Blackwood,Female
717,84,Ty,Medforth,Male
718,25,Venus,Authers,Female
719,66,Hermy,Keedy,Male
720,92,Marchall,Torpie,Male
721,38,Noella,Nevett,Female
722,51,Kristel,Clashe,Agender
723,28,Davin,Ryder,Male
724,2,Darren,Dyball,Male
725,5,Ajay,Vampouille,Female
726,69,Kristofor,Simmen,Male
727,26,Gradey,Pickhaver,Male
728,9,Martino,Rogan,Male
729,45,Haydon,Daubney,Male
730,40,Wendall,Dowber,Male
731,78,Howey,Gotthard,Male
732,24,Brock,Greaterex,Male
733,14,Kerianne,Ryle,Female
734,93,Claudius,Amesbury,Male
735,65,Austen,Blondel,Male
736,13,Harlene,Gingles,Female
737,54,Doralynne,Hallt,Female
738,53,Corinna,Hestrop,Female
739,79,Malachi,Badsworth,Male
740,17,Judon,Moffatt,Genderfluid
741,73,Hewe,Agneau,Male
742,42,Deeann,Easman,Female
743,15,Danice,Geratasch,Female
744,21,Frederick,Prugel,Male
745,45,Aldric,Labrone,Male
746,24,Vivienne,Kiebes,Female
747,77,Donnie,Falkner,Non-binary
748,85,Ferrell,Neward,Male
749,67,Elwyn,Veel,Male
750,43,Batsheva,Lorenz,Female
751,15,Tanney,Gothliff,Male
752,33,Allyson,Monget,Non-binary
753,80,Herculie,Tunmore,Male
754,32,Hastie,Espinosa,Male
755,46,Brigg,Effaunt,Male
756,41,Stevena,Uc,Female
757,50,Edgard,Tommasuzzi,Male
758,29,Elbertina,Hurdiss,Female
759,7,Sanson,Sargent,Male
760,79,Ernest,Tire,Male
761,8,Aileen,Hickin,Female
762,51,Gabey,Stopher,Genderqueer
763,60,Karel,Sharpin,Male
764,17,Wake,Biggerdike,Agender
765,81,Kinsley,Coltherd,Male
766,8,Emanuele,Isaacs,Male
767,34,Lynsey,Livingstone,Female
768,61,Carlee,Sausman,Non-binary
769,8,Tiphanie,Menure,Female
770,74,Elianora,Leate,Female
771,18,Rubi,Le Brun,Female
772,85,Euell,Havvock,Male
773,11,Mead,Mines,Female
774,67,Selby,Barnsdale,Male
775,89,Bettina,Hardin,Female
776,78,Demetria,Goatcher,Female
777,47,Bartlett,Pedgrift,Male
778,34,Lavinia,Muldowney,Female
779,95,Christina,Viscovi,Female
780,80,Cherrita,Hardacre,Female
781,57,Boycey,Hurich,Male
782,28,Debby,Edmondson,Female
783,12,Any,Cornford,Non-binary
784,4,Donnie,Edger,Male
785,6,Buddie,Tabourier,Bigender
786,91,Obadiah,Tween,Male
787,53,Angy,Gauchier,Female
788,88,Hunter,Folker,Male
789,73,Miguel,Seiffert,Polygender
790,84,Augustine,Anthoney,Female
791,48,Robin,Moulsdale,Female
792,85,Renae,Bodicam,Female
793,63,Rana,Rawlins,Female
794,64,Cchaddie,Redmille,Male
795,83,Olenolin,Janczewski,Male
796,54,Harris,Obal,Male
797,92,Charissa,Doman,Female
798,61,Corella,Izakof,Female
799,88,Cherice,Kampshell,Female
800,86,Mortie,Kinch,Male
801,37,Brady,Perfili,Male
802,27,Griz,Brasier,Male
803,44,Daune,Woodnutt,Female
804,63,Goldina,Winspur,Female
805,57,Inessa,Tendahl,Genderqueer
806,11,Abbe,Denver,Female
807,17,Bobette,Churchill,Female
808,99,Yurik,Geaves,Male
809,47,Linn,Agron,Genderqueer
810,69,Hannie,Shelf,Female
811,12,Myrlene,Maylor,Female
812,71,Niki,Chiswell,Male
813,39,Morie,Essam,Male
814,50,Lina,Greenway,Female
815,91,Chickie,Donovan,Female
816,99,Bobette,Bish,Female
817,57,Hadley,Lingard,Polygender
818,73,Jerrie,De la Feld,Female
819,13,Mikol,Twyning,Male
820,75,Jillana,Asif,Female
821,36,Ketti,Burrell,Female
822,99,Minerva,Verralls,Female
823,49,Kirby,Rame,Female
824,14,Bryce,Baldocci,Male
825,36,Junia,Sugge,Female
826,45,Rhea,Yaakov,Female
827,97,Pen,Paybody,Male
828,77,Sig,Banister,Male
829,36,Meredithe,Siss,Female
830,34,Stacia,Kauscher,Bigender
831,50,Gardiner,Collyns,Male
832,74,Reinhold,Sollitt,Male
833,78,Irv,Ketteman,Male
834,27,Hyacinthie,Gandy,Agender
835,22,Maurits,Rohlf,Male
836,12,Kimberlee,Swiffan,Female
837,65,Winona,Frail,Genderqueer
838,49,Bobbe,Geddes,Female
839,31,Wolfgang,Crosbie,Male
840,71,Hobey,Neligan,Male
841,5,Brigid,Padley,Female
842,59,Gayel,Swainsbury,Female
843,83,Inessa,Poynter,Female
844,33,Jamil,Godsil,Male
845,26,Virgil,Bartoleyn,Male
846,41,Kinny,Cardero,Male
847,5,Conchita,Snar,Bigender
848,50,Rosella,Hollerin,Female
849,37,Heloise,McCrudden,Female
850,94,Kean,Van Zon,Male
851,61,Nahum,Augur,Male
852,18,Carrissa,Christon,Female
853,46,Mommy,McCrae,Polygender
854,68,Muffin,Golding,Genderfluid
855,72,Chastity,Backman,Female
856,27,Star,Maryott,Female
857,54,Rey,Ganford,Male
858,96,Madelene,Dugmore,Female
859,61,Becky,Kubanek,Female
860,64,Melisande,Hill,Female
861,64,Klarika,Pickervance,Agender
862,83,Isabelita,Panniers,Female
863,82,Desmond,Killough,Male
864,34,Carri,Riccardelli,Female
865,88,Robbert,Ragles,Male
866,70,Dario,Grievson,Male
867,37,Saidee,Theurer,Female
868,43,Wayland,Marty,Male
869,24,Diandra,Piers,Female
870,64,Seka,Brunotti,Female
871,27,Jeana,Davidowich,Female
872,34,Salvatore,Worley,Male
873,1,Gayle,Allston,Bigender
874,95,Georgie,Fydoe,Male
875,8,Conant,Hoys,Male
876,55,Trixy,Pixton,Female
877,40,Aurea,Iceton,Female
878,6,Martyn,Berwick,Male
879,36,Ailbert,Loudon,Genderqueer
880,88,L;urette,Dewdney,Female
881,28,Dimitri,Castillo,Male
882,9,Linette,Devenish,Female
883,20,Pauline,Kerne,Polygender
884,51,Salvidor,Gedling,Male
885,16,Eba,Jansky,Female
886,61,Werner,Grayne,Male
887,45,Letitia,Copnall,Genderqueer
888,75,Alla,Brauner,Female
889,100,Jayne,Giannini,Female
890,75,Geralda,Lobb,Female
891,72,Ezechiel,Liversley,Male
892,39,Eddie,Angerstein,Female
893,93,Manolo,Cappineer,Male
894,100,Kizzie,Elnaugh,Female
895,14,Jefferey,Burnsall,Male
896,28,Franny,Bachura,Female
897,39,Alphard,Peace,Male
898,93,Friederike,Osgerby,Female
899,64,Deirdre,Verbrugghen,Non-binary
900,68,Laurette,Kingsnod,Female
901,89,Ursa,Drakes,Female
902,55,Nevil,Gleadhall,Male
903,93,Elnar,Boor,Male
904,7,Diann,Thornewill,Bigender
905,70,Filberte,Pidgen,Male
906,34,Georgianne,Sedgemond,Female
907,98,Arnoldo,Longhorne,Male
908,4,Worth,Hadrill,Agender
909,98,Ashlin,Rosetti,Male
910,91,Ansel,Mallinson,Male
911,2,Stevana,Midgely,Female
912,33,Fowler,Aleksankin,Male
913,56,Valina,Fairbridge,Female
914,81,Tabbie,Brass,Male
915,60,Bria,Dunbleton,Female
916,45,Hector,Yakuntsov,Male
917,22,Nari,Feathersby,Female
918,48,Charline,Colbert,Female
919,6,Flynn,Dartnall,Male
920,18,Rheta,Weaving,Female
921,48,Kelcey,MacIlurick,Agender
922,47,Cinderella,Priestman,Female
923,37,Charla,Durbann,Female
924,49,Rutger,McGrae,Male
925,23,Brina,Riccetti,Female
926,22,Yanaton,Sturm,Male
927,61,Geoff,Calbert,Male
928,29,Nollie,Phlippi,Male
929,91,Greggory,Abell,Male
930,13,Norene,Ziemecki,Non-binary
931,22,Ellen,Sheerman,Female
932,75,Amil,Marder,Female
933,34,Iosep,Lacrouts,Male
934,54,Bertrando,Mangeon,Male
935,26,Aguie,Yearne,Male
936,62,Eugine,Boatwright,Female
937,41,Artus,Leeburn,Male
938,19,Cornall,Scrimgeour,Male
939,50,Vivianne,Huleatt,Female
940,38,Val,Callis,Male
941,68,Earle,Lammers,Male
942,99,Ruthi,Longford,Female
943,70,Adham,Gransden,Male
944,59,Codee,Mangam,Female
945,59,Sorcha,Bulger,Female
946,99,Lek,Tradewell,Male
947,64,Hubert,Hemphrey,Male
948,86,Myrlene,Cuolahan,Female
949,90,Amelie,Brearty,Female
950,32,Morissa,Delgadillo,Female
951,62,Luce,Ronisch,Male
952,78,Jacquelin,Dumingo,Female
953,62,Xenos,Ferson,Male
954,69,Nanine,Eldredge,Female
955,5,Trent,Donett,Male
956,38,Geoffrey,Pagon,Agender
957,61,Aloin,Crome,Male
958,56,Lincoln,McAlinion,Male
959,95,Golda,Signoret,Female
960,1,Roth,Urling,Male
961,75,Terrijo,Zeale,Female
962,86,Delora,Bahike,Female
963,28,Stephannie,Marval,Female
964,24,Katrinka,Kettle,Female
965,40,Huntley,MacDirmid,Male
966,9,Audi,Winnett,Female
967,17,Dulce,Draco,Female
968,63,Abdel,Morena,Male
969,70,Ursala,Franceschelli,Female
970,62,Tadeo,Joysey,Male
971,13,Dorri,La Torre,Female
972,81,Justin,Baglan,Genderfluid
973,82,Georgette,Poletto,Non-binary
974,68,Doe,Garraway,Female
975,25,Patricio,Wisker,Male
976,44,Prue,Pedroli,Female
977,35,Trumaine,Mazdon,Male
978,63,Lek,Oselton,Male
979,19,Evin,Rioch,Male
980,29,Fredek,Collens,Male
981,75,Tabb,Farfolomeev,Male
982,95,Gayler,Raw,Male
983,97,Wolf,Byars,Male
984,38,Haley,Hawkett,Male
985,97,Abdel,Bratton,Male
986,21,Bethany,Skillington,Female
987,96,Barbi,Bossons,Female
988,55,Brinna,Mustchin,Female
989,19,Norbie,Eadington,Male
990,73,Barry,Jaycocks,Male
991,47,Ruth,Dominiak,Female
992,93,Dasha,January 1st,Female
993,51,Nellie,Forster,Female
994,48,Basia,Rogerot,Female
995,97,Savina,Savins,Agender
996,56,Adlai,Thiese,Male
997,3,Halsy,Walshe,Male
998,77,Marita,Strevens,Female
999,71,Neville,Ricart,Male
1000,29,Krystle,Robertis,Polygender
